<?xml version="1.0" encoding="UTF-8"?>
<project-private xmlns="http://www.netbeans.org/ns/project-private/1">
    <editor-bookmarks xmlns="http://www.netbeans.org/ns/editor-bookmarks/2" lastBookmarkId="0"/>
    <open-files xmlns="http://www.netbeans.org/ns/projectui-open-files/2">
        <group>
            <file>file:/C:/Users/dulan/Documents/NetBeansProjects/Point-of-Sale-System/web/index.html</file>
            <file>file:/C:/Users/dulan/Documents/NetBeansProjects/Point-of-Sale-System/src/java/util/PasswordUtil.java</file>
            <file>file:/C:/Users/dulan/Documents/NetBeansProjects/Point-of-Sale-System/src/java/model/Product.java</file>
            <file>file:/C:/Users/dulan/Documents/NetBeansProjects/Point-of-Sale-System/src/java/model/User.java</file>
            <file>file:/C:/Users/dulan/Documents/NetBeansProjects/Point-of-Sale-System/src/java/model/Supplier.java</file>
            <file>file:/C:/Users/dulan/Documents/NetBeansProjects/Point-of-Sale-System/src/java/filter/AuthenticationFilter.java</file>
            <file>file:/C:/Users/dulan/Documents/NetBeansProjects/Point-of-Sale-System/src/java/dao/ProductDAO.java</file>
            <file>file:/C:/Users/dulan/Documents/NetBeansProjects/Point-of-Sale-System/src/java/dao/SupplierDAO.java</file>
            <file>file:/C:/Users/dulan/Documents/NetBeansProjects/Point-of-Sale-System/src/java/dao/UserDao.java</file>
            <file>file:/C:/Users/dulan/Documents/NetBeansProjects/Point-of-Sale-System/src/java/dao/UserDaoImpl.java</file>
            <file>file:/C:/Users/dulan/Documents/NetBeansProjects/Point-of-Sale-System/src/java/controller/AddProductServlet.java</file>
            <file>file:/C:/Users/dulan/Documents/NetBeansProjects/Point-of-Sale-System/src/java/controller/SalesReportServlet.java</file>
            <file>file:/C:/Users/dulan/Documents/NetBeansProjects/Point-of-Sale-System/web/Admin/processStockAdjustment.jsp</file>
            <file>file:/C:/Users/dulan/Documents/NetBeansProjects/Point-of-Sale-System/web/Cashier/products.jsp</file>
            <file>file:/C:/Users/dulan/Documents/NetBeansProjects/Point-of-Sale-System/web/Admin/inventory_reports.jsp</file>
            <file>file:/C:/Users/dulan/Documents/NetBeansProjects/Point-of-Sale-System/web/Admin/purchases.jsp</file>
            <file>file:/C:/Users/dulan/Documents/NetBeansProjects/Point-of-Sale-System/web/Admin/inventory.jsp</file>
            <file>file:/C:/Users/dulan/Documents/NetBeansProjects/Point-of-Sale-System/web/Admin/add_product.jsp</file>
            <file>file:/C:/Users/dulan/Documents/NetBeansProjects/Point-of-Sale-System/web/Admin/add_supplier.jsp</file>
            <file>file:/C:/Users/dulan/Documents/NetBeansProjects/Point-of-Sale-System/web/Admin/products.jsp</file>
            <file>file:/C:/Users/dulan/Documents/NetBeansProjects/Point-of-Sale-System/web/Admin/user_management.jsp</file>
            <file>file:/C:/Users/dulan/Documents/NetBeansProjects/Point-of-Sale-System/web/Admin/suppliers.jsp</file>
            <file>file:/C:/Users/dulan/Documents/NetBeansProjects/Point-of-Sale-System/web/Admin/update_product.jsp</file>
            <file>file:/C:/Users/dulan/Documents/NetBeansProjects/Point-of-Sale-System/web/Admin/supplier_reports.jsp</file>
            <file>file:/C:/Users/dulan/Documents/NetBeansProjects/Point-of-Sale-System/web/Admin/sales_reports.jsp</file>
            <file>file:/C:/Users/dulan/Documents/NetBeansProjects/Point-of-Sale-System/web/Admin/admin_dashboard.jsp</file>
            <file>file:/C:/Users/dulan/Documents/NetBeansProjects/Point-of-Sale-System/web/Admin/menu.jsp</file>
            <file>file:/C:/Users/dulan/Documents/NetBeansProjects/Point-of-Sale-System/src/java/model/Order.java</file>
            <file>file:/C:/Users/dulan/Documents/NetBeansProjects/Point-of-Sale-System/web/Cashier/menu.jsp</file>
            <file>file:/C:/Users/dulan/Documents/NetBeansProjects/Point-of-Sale-System/web/Cashier/cashier_dashboard.jsp</file>
            <file>file:/C:/Users/dulan/Documents/NetBeansProjects/Point-of-Sale-System/web/Cashier/cscript.js</file>
            <file>file:/C:/Users/dulan/Documents/NetBeansProjects/Point-of-Sale-System/web/Cashier/receipt.jsp</file>
            <file>file:/C:/Users/dulan/Documents/NetBeansProjects/Point-of-Sale-System/src/java/controller/EmailReceiptServlet.java</file>
            <file>file:/C:/Users/dulan/Documents/NetBeansProjects/Point-of-Sale-System/src/java/controller/AddSupplierServlet.java</file>
            <file>file:/C:/Users/dulan/Documents/NetBeansProjects/Point-of-Sale-System/src/java/util/EmailUtil.java</file>
            <file>file:/C:/Users/dulan/Documents/NetBeansProjects/Point-of-Sale-System/src/java/dao/PurchaseOrderDAO.java</file>
            <file>file:/C:/Users/dulan/Documents/NetBeansProjects/Point-of-Sale-System/web/Cashier/Cashier_inventory.jsp</file>
            <file>file:/C:/Users/dulan/Documents/NetBeansProjects/Point-of-Sale-System/web/Cashier/product_cashi.js</file>
            <file>file:/C:/Users/dulan/Documents/NetBeansProjects/Point-of-Sale-System/web/Cashier/Cashier_report.jsp</file>
            <file>file:/C:/Users/dulan/Documents/NetBeansProjects/Point-of-Sale-System/web/Cashier/styles.css</file>
            <file>file:/C:/Users/dulan/Documents/NetBeansProjects/Point-of-Sale-System/web/Admin/edit_supplier.jsp</file>
            <file>file:/C:/Users/dulan/Documents/NetBeansProjects/Point-of-Sale-System/src/java/controller/DeleteProductServlet.java</file>
            <file>file:/C:/Users/dulan/Documents/NetBeansProjects/Point-of-Sale-System/web/Login/login.jsp</file>
            <file>file:/C:/Users/dulan/Documents/NetBeansProjects/Point-of-Sale-System/web/WEB-INF/web.xml</file>
            <file>file:/C:/Users/dulan/Documents/NetBeansProjects/Point-of-Sale-System/web/Admin/products_by_supplier.jsp</file>
            <file>file:/C:/Users/dulan/Documents/NetBeansProjects/Point-of-Sale-System/web/Admin/view_supplier.jsp</file>
            <file>file:/C:/Users/dulan/Documents/NetBeansProjects/Point-of-Sale-System/web/Admin/styles.css</file>
            <file>file:/C:/Users/dulan/Documents/NetBeansProjects/Point-of-Sale-System/src/java/util/DBConnection.java</file>
            <file>file:/C:/Users/dulan/Documents/NetBeansProjects/Point-of-Sale-System/web/Admin/all_purchases.jsp</file>
            <file>file:/C:/Users/dulan/Documents/NetBeansProjects/Point-of-Sale-System/web/Admin/view_purchase_order.jsp</file>
            <file>file:/C:/Users/dulan/Documents/NetBeansProjects/Point-of-Sale-System/web/Admin/edit_purchase_order.jsp</file>
            <file>file:/C:/Users/dulan/Documents/NetBeansProjects/Point-of-Sale-System/web/Admin/supplier_details.jsp</file>
            <file>file:/C:/Users/dulan/Documents/NetBeansProjects/Point-of-Sale-System/web/Admin/stock_adjustment.jsp</file>
            <file>file:/C:/Users/dulan/Documents/NetBeansProjects/Point-of-Sale-System/web/Admin/cashier_reports.jsp</file>
            <file>file:/C:/Users/dulan/Documents/NetBeansProjects/Point-of-Sale-System/web/Admin/stock_count.jsp</file>
        </group>
    </open-files>
</project-private>
