<?xml version="1.0" encoding="UTF-8"?>
<project-private xmlns="http://www.netbeans.org/ns/project-private/1">
    <editor-bookmarks xmlns="http://www.netbeans.org/ns/editor-bookmarks/2" lastBookmarkId="0"/>
    <open-files xmlns="http://www.netbeans.org/ns/projectui-open-files/2">
        <group>
            <file>file:/C:/Users/dulan/Documents/GitHub/Point-of-Sale-System/Point-of-Sale-System/web/Login/styles.css</file>
            <file>file:/C:/Users/dulan/Documents/GitHub/Point-of-Sale-System/Point-of-Sale-System/web/Login/login.jsp</file>
            <file>file:/C:/Users/dulan/Documents/GitHub/Point-of-Sale-System/Point-of-Sale-System/src/java/controller/LoginServlet.java</file>
            <file>file:/C:/Users/dulan/Documents/GitHub/Point-of-Sale-System/Point-of-Sale-System/src/java/dao/UserDao.java</file>
            <file>file:/C:/Users/dulan/Documents/GitHub/Point-of-Sale-System/Point-of-Sale-System/src/java/dao/UserDaoImpl.java</file>
            <file>file:/C:/Users/dulan/Documents/GitHub/Point-of-Sale-System/Point-of-Sale-System/src/java/dao/LoginDAO.java</file>
            <file>file:/C:/Users/dulan/Documents/GitHub/Point-of-Sale-System/Point-of-Sale-System/src/java/model/User.java</file>
        </group>
    </open-files>
</project-private>
